Workbook

Sheet Config
A1: Variable | B1: Value
A2: App Instances | B2: 10
A3: SSD Storage per App (TB) | B3: 0.784
A4: HDD Storage per App (TB) | B4: 2
A5: IOPS per App | B5: 1800
A6: vCPU per VM | B6: 2
A7: RAM per VM (GB) | B7: 8
A8: VMs per App | B8: 10
A9: Remote Sites | B9: 60
A10: Replication per Site (GB/day) | B10: 0.5

Sheet VM Application Profile
A1: Component | B1: Count per App | C1: Number of Instances | D1: Total VMs
A2: Web Server | B2: 2 | C2: =Config!B2 -> 10 | D2: =B2*C2 -> 20
A3: Code Server | B3: 2 | C3: =Config!B2 -> 10 | D3: =B3*C3 -> 20
A4: DB Server | B4: 2 | C4: =Config!B2 -> 10 | D4: =B4*C4 -> 20
A5: AAA Server | B5: 2 | C5: =Config!B2 -> 10 | D5: =B5*C5 -> 20
A6: Logging Server | B6: 2 | C6: =Config!B2 -> 10 | D6: =B6*C6 -> 20

Sheet Hardware Sizing
A1: Resource | B1: Per VM | C1: Total VMs | D1: Per Cluster | E1: Clusters | F1: Total Resource
A2: vCPU | B2: =Config!B6 -> 2 | C2: =SUM('VM Application Profile'!D2:D6) -> 100 | D2: 100 | E2: =CEILING(C2/D2,1) -> 1 | F2: =D2*E2 -> 100
A3: RAM (GB) | B3: =Config!B7 -> 8 | C3: =SUM('VM Application Profile'!D2:D6) -> 100 | D3: 256 | E3: =CEILING(C3/D3,1) -> 1 | F3: =D3*E3 -> 256

Sheet Storage Requirements
A1: Storage Type | B1: Per App Instance (TB) | C1: App Instances | D1: Total (TB)
A2: SSD Tier | B2: =Config!B3 -> 0.784 | C2: =Config!B2 -> 10 | D2: =B2*C2 -> 7.84
A3: HDD Tier | B3: =Config!B4 -> 2 | C3: =Config!B2 -> 10 | D3: =B3*C3 -> 20
A4: IOPS | B4: =Config!B5 -> 1800 | C4: =Config!B2 -> 10 | D4: =B4*C4 -> 18000

Sheet Network Design
A1: VLAN Type | B1: Per Cluster | C1: Clusters | D1: Total Ports
A2: VM VLAN | B2: 2 | C2: =CEILING('VM Application Profile'!D2*5/100,1) -> 1 | D2: =B2*C2 -> 2
A3: Storage VLAN | B3: 2 | C3: =C2 -> 1 | D3: =B3*C3 -> 2
A4: Management VLAN | B4: 1 | C4: =C2 -> 1 | D4: =B4*C4 -> 1

Sheet Replication & AD Strategy
A1: Parameter | B1: Value
A2: Remote Sites | B2: =Config!B9 -> 60
A3: Replication per Site (GB/day) | B3: =Config!B10 -> 0.5
A4: Total Daily Replication (GB) | B4: =B2*B3 -> 30
A5: Weekly Replication (GB) | B5: =B4*7 -> 210
A6: Monthly Replication (GB) | B6: =B4*30 -> 900
